RecordType,Company,Number,VendorGroup,Vendor,VendorName,TransactionDate,JCCo,Job,JobDescription,Description,DetailLineCount,TotalOrigCost,TotalOrigTax,RemainingAmount,RemainingTax,CollectedInvoiceDate,CollectedInvoiceNumber,CollectedInvoiceAmount,CollectedTaxAmount,CollectedShippingAmount,CollectedImage
SC,20,100003-001001,1,55018,QUALITY CONTROL SERVICES,7/1/2014 0:00,20,100003-001,Evansville SD,Andover Controls Contract,2,46012.65,0,46012.65,0,,,45000,4500,100,Images\SC_20_100003-001001.pdf
SC,20,100008-001001,1,51594,LIGHTSPEED SYSTEMS INC,6/30/2014 0:00,20,100008-001,Tracy's June Project,Lighting Subcontract for Tracy,2,500,0,500,0,,,600,0,100,Images\SC_20_100008-001001.pdf
SC,20,100004-001001,1,54984,PRECISION AIR & WATER BAL,6/3/2014 0:00,20,100004-001,McKoy Test Project,Test and Balance,2,17500,0,17500,0,,,2000,1000,500,Images\SC_20_100004-001001.pdf
SC,1,100006-001001,1,53384,ADVANCED DRILLING LLC,7/1/2014 0:00,1,100006-001,Gen's Test Project 1,Gen's test subcontract,2,-21667,0,-21667,0,,,3000,500,1000,Images\SC_1_100006-001001.pdf
SC,1,100009-001001,1,51286,HUDSON BAY INSULATION,7/16/2014 0:00,1,100009-001,Spokane Paint Hangar,Insulation,2,29550,0,29550,0,,,3000,500,1000,Images\SC_1_100009-001001.pdf
PO,20,14154002,1,54283,HONEYWELL INTERNATIONAL,6/9/2014 0:00,20,100003-001,Evansville SD,Controllers,1,0,0,0,0,,,3000,500,1000,Images\PO_20_14154002.pdf
PO,20,14154004,1,52406,S CONLEY SALES INC,6/4/2014 0:00,20,100004-001,McKoy Test Project,Purchase ABB VFD's,1,10000,0,10000,0,,,200,0,0,Images\PO_20_14154004.pdf
PO,20,14154003,1,52710,3DV CORPORATION,6/3/2014 0:00,20,100008-001,Tracy's June Project,Data Logger,1,250,0,250,0,,,200,25,100,Images\PO_20_14154003.pdf
PO,1,14154001,1,52248,PUGET SOUND PIPE & SUPPLY,6/3/2014 0:00,1,100006-001,Gen's Test Project 1,Gen's Test PO - quote attached,1,0,0,0,0,,,200,25,100,Images\PO_1_14154001.pdf
PO,1,14154005,1,50898,FM HVAC SALES CO,6/3/2014 0:00,1,100009-001,Spokane Paint Hangar,Wall Heater,1,400,0,1900,0,,,200,0,500,Images\PO_1_14154005.pdf
