"Status","CompanyNumber","DivisionNumber","GroupNumber","SequenceNumber","CheckType","ErrorCode","EmployeeNumber","WeekNumber","JobNumber","SubjobNumber","PayItem","CostType","EquipmentNumber","EmployeeClass","StateCode","LocalCode","UnionNumber","DayOfWeek","EmployeeType","WorkersCompCode","WorkersCompReference","RegularHours","OvertimeHours","OtherHours","OtherHoursType","RegularRate","OvertimeRate","OtherRate","AdjustmentType","AdjustmentAmount","DeductionNumber","UnionCode","AdjustmentGLAccount","UnionNumber_2","ShiftNumber","DepartmentNumber","PayType","DistributionCompanyNumber","DistributionDivisionNumber","Salary","WorkOrderNumber","ComponentNumber","EquipmentCostType","EquipmentCode","TicketNumber","CustomerNumber","WorkmensCompStateCode","WeekEnding","ExemptCertified","CrewNumber","ExecSecurity","LocalCode_2","CustomerWorkOrderNumber","EquipmentLineNumber","BatchNumber","CrewGroup","CheckCode","RecStateCode","HomeUnionCode","HomeStateCode","SDIStateCode","EquipmentRegularHours","EquipmentOvertimeHours","EquipmentOtherHours","Quantity","QuantityRate","PieceWorkCode","EquipmentClass","PostLabor","TypeOfHours","SocialSecurityNumber","SiteLocationCode","CostCodeSequence","CheckNumber","EmployeeNumber_LDA","EmployeeCompanyNumber","EmployeeDivisionNumber","GLAccountNumber","JobCostGLAccountNumber"
"A","0","0","710","1","R ","E","602","4","00121 ","   ","               ","L","          ","0","0","0","     ","1","  ","0","0","8.00","0.00","0.00","  ","0.000","0.000","0.000","  ","0.00","0","0","0","     ","0","0"," ","60","0","0.00","0","   ","0"," ","0","0","0","20140323"," ","0","N","0","                    ","0","10909","  "," ","0","     ","0","0","0.00","0.00","0.00","0","0.000"," ","   "," ","  ","","          ","0","0","0","0","0","0","0"
"A","0","0","710","2","R ","E","602","4","00121 ","   ","               ","L","          ","0","0","0","     ","2","  ","0","0","8.00","0.00","0.00","  ","0.000","0.000","0.000","  ","0.00","0","0","0","     ","0","0"," ","60","0","0.00","0","   ","0"," ","0","0","0","20140323"," ","0","N","0","                    ","0","10909","  "," ","0","     ","0","0","0.00","0.00","0.00","0","0.000"," ","   "," ","  ","","          ","0","0","0","0","0","0","0"
"A","0","0","710","3","R ","E","602","4","00121 ","   ","               ","L","          ","0","0","0","     ","3","  ","0","0","8.00","0.00","0.00","  ","0.000","0.000","0.000","  ","0.00","0","0","0","     ","0","0"," ","60","0","0.00","0","   ","0"," ","0","0","0","20140323"," ","0","N","0","                    ","0","10909","  "," ","0","     ","0","0","0.00","0.00","0.00","0","0.000"," ","   "," ","  ","","          ","0","0","0","0","0","0","0"
"A","0","0","710","4","R ","E","602","4","      ","   ","               "," ","          ","0","0","0","     ","4","  ","0","0","0.00","0.00","8.00","PT","0.000","0.000","0.000","  ","0.00","0","0","0","     ","0","0"," ","0","0","0.00","0","   ","0"," ","0","0","0","20140323"," ","0","N","0","                    ","0","10909","  "," ","0","     ","0","0","0.00","0.00","0.00","0","0.000"," ","   "," ","  ","","          ","0","0","0","0","0","0","0"
"A","0","0","710","5","R ","E","602","4","      ","   ","               "," ","          ","0","0","0","     ","5","  ","0","0","0.00","0.00","8.00","PT","0.000","0.000","0.000","  ","0.00","0","0","0","     ","0","0"," ","0","0","0.00","0","   ","0"," ","0","0","0","20140323"," ","0","N","0","                    ","0","10909","  "," ","0","     ","0","0","0.00","0.00","0.00","0","0.000"," ","   "," ","  ","","          ","0","0","0","0","0","0","0"
